paper_citekey,paper_title,topic
reyesGeometryResonanceWave2025,"The Geometry of Resonance: Wave Confinement Theory and the Emergence of Mass, Force, and Spacetime",Beta quantization
reyesGeometryResonanceWave2025,"The Geometry of Resonance: Wave Confinement Theory and the Emergence of Mass, Force, and Spacetime",Curvature Feedback
reyesGeometryResonanceWave2025,"The Geometry of Resonance: Wave Confinement Theory and the Emergence of Mass, Force, and Spacetime",Effective Metric
reyesGeometryResonanceWave2025,"The Geometry of Resonance: Wave Confinement Theory and the Emergence of Mass, Force, and Spacetime",Emergent Mass
reyesGeometryResonanceWave2025,"The Geometry of Resonance: Wave Confinement Theory and the Emergence of Mass, Force, and Spacetime",Entropy
reyesGeometryResonanceWave2025,"The Geometry of Resonance: Wave Confinement Theory and the Emergence of Mass, Force, and Spacetime",Entropy-stabilized fields
reyesGeometryResonanceWave2025,"The Geometry of Resonance: Wave Confinement Theory and the Emergence of Mass, Force, and Spacetime",Gauge emergence
reyesGeometryResonanceWave2025,"The Geometry of Resonance: Wave Confinement Theory and the Emergence of Mass, Force, and Spacetime",General Relativity
reyesGeometryResonanceWave2025,"The Geometry of Resonance: Wave Confinement Theory and the Emergence of Mass, Force, and Spacetime",Geometry
reyesGeometryResonanceWave2025,"The Geometry of Resonance: Wave Confinement Theory and the Emergence of Mass, Force, and Spacetime",Informational physics
reyesGeometryResonanceWave2025,"The Geometry of Resonance: Wave Confinement Theory and the Emergence of Mass, Force, and Spacetime",Nonlinear Dynamics
reyesGeometryResonanceWave2025,"The Geometry of Resonance: Wave Confinement Theory and the Emergence of Mass, Force, and Spacetime",Nonlinear geometry
reyesGeometryResonanceWave2025,"The Geometry of Resonance: Wave Confinement Theory and the Emergence of Mass, Force, and Spacetime",Quantum Field Theory
reyesGeometryResonanceWave2025,"The Geometry of Resonance: Wave Confinement Theory and the Emergence of Mass, Force, and Spacetime",Quantum emergence
reyesGeometryResonanceWave2025,"The Geometry of Resonance: Wave Confinement Theory and the Emergence of Mass, Force, and Spacetime",Spacetime Emergence
reyesGeometryResonanceWave2025,"The Geometry of Resonance: Wave Confinement Theory and the Emergence of Mass, Force, and Spacetime",Spinor topology
reyesGeometryResonanceWave2025,"The Geometry of Resonance: Wave Confinement Theory and the Emergence of Mass, Force, and Spacetime",Unified Field Theory
reyesGeometryResonanceWave2025,"The Geometry of Resonance: Wave Confinement Theory and the Emergence of Mass, Force, and Spacetime",Wave Confinement Theory
reyesStructureDerivationPhysical2025,Structure and Derivation of Physical Constants through Wave Confinement,Cosmological Constant
reyesStructureDerivationPhysical2025,Structure and Derivation of Physical Constants through Wave Confinement,Curvature Feedback
reyesStructureDerivationPhysical2025,Structure and Derivation of Physical Constants through Wave Confinement,Effective Metric
reyesStructureDerivationPhysical2025,Structure and Derivation of Physical Constants through Wave Confinement,Emergent Mass
reyesStructureDerivationPhysical2025,Structure and Derivation of Physical Constants through Wave Confinement,Entropy-stabilized fields
reyesStructureDerivationPhysical2025,Structure and Derivation of Physical Constants through Wave Confinement,Fine-Structure Constant
reyesStructureDerivationPhysical2025,Structure and Derivation of Physical Constants through Wave Confinement,Fundamental constants
reyesStructureDerivationPhysical2025,Structure and Derivation of Physical Constants through Wave Confinement,Gravitational Constant
reyesStructureDerivationPhysical2025,Structure and Derivation of Physical Constants through Wave Confinement,Informational geometry
reyesStructureDerivationPhysical2025,Structure and Derivation of Physical Constants through Wave Confinement,Planck Constant
reyesStructureDerivationPhysical2025,Structure and Derivation of Physical Constants through Wave Confinement,Speed of Light
reyesStructureDerivationPhysical2025,Structure and Derivation of Physical Constants through Wave Confinement,Unified Field Theory
reyesStructureDerivationPhysical2025,Structure and Derivation of Physical Constants through Wave Confinement,Wave Confinement Theory
reyesObservationLongLivedPhoton2025,Observation of Long-Lived Photon Resonance Confinement in Water Cavities,Artificial mass generation
reyesObservationLongLivedPhoton2025,Observation of Long-Lived Photon Resonance Confinement in Water Cavities,Beta quantization
reyesObservationLongLivedPhoton2025,Observation of Long-Lived Photon Resonance Confinement in Water Cavities,Curvature Locking
reyesObservationLongLivedPhoton2025,Observation of Long-Lived Photon Resonance Confinement in Water Cavities,Entropy decay
reyesObservationLongLivedPhoton2025,Observation of Long-Lived Photon Resonance Confinement in Water Cavities,Experimental physics
reyesObservationLongLivedPhoton2025,Observation of Long-Lived Photon Resonance Confinement in Water Cavities,Light-induced resonance
reyesObservationLongLivedPhoton2025,Observation of Long-Lived Photon Resonance Confinement in Water Cavities,Optical coherence
reyesObservationLongLivedPhoton2025,Observation of Long-Lived Photon Resonance Confinement in Water Cavities,Photonic mass
reyesObservationLongLivedPhoton2025,Observation of Long-Lived Photon Resonance Confinement in Water Cavities,Topological Confinement
reyesObservationLongLivedPhoton2025,Observation of Long-Lived Photon Resonance Confinement in Water Cavities,Wave Confinement Theory
reyesVsNPCurvatureBounded2025,P vs NP in Curvature-Bounded Wave Computation: A Model-Relative P_WCC ≠ NP_WCC Separation,Cook-Levin reduction
reyesVsNPCurvatureBounded2025,P vs NP in Curvature-Bounded Wave Computation: A Model-Relative P_WCC ≠ NP_WCC Separation,Curvature complexity
reyesVsNPCurvatureBounded2025,P vs NP in Curvature-Bounded Wave Computation: A Model-Relative P_WCC ≠ NP_WCC Separation,Expander graphs
reyesVsNPCurvatureBounded2025,P vs NP in Curvature-Bounded Wave Computation: A Model-Relative P_WCC ≠ NP_WCC Separation,Geometric complexity
reyesVsNPCurvatureBounded2025,P vs NP in Curvature-Bounded Wave Computation: A Model-Relative P_WCC ≠ NP_WCC Separation,Model-relative lower bounds
reyesVsNPCurvatureBounded2025,P vs NP in Curvature-Bounded Wave Computation: A Model-Relative P_WCC ≠ NP_WCC Separation,NC Circuits
reyesVsNPCurvatureBounded2025,P vs NP in Curvature-Bounded Wave Computation: A Model-Relative P_WCC ≠ NP_WCC Separation,NC¹ circuits
reyesVsNPCurvatureBounded2025,P vs NP in Curvature-Bounded Wave Computation: A Model-Relative P_WCC ≠ NP_WCC Separation,NP Verification
reyesVsNPCurvatureBounded2025,P vs NP in Curvature-Bounded Wave Computation: A Model-Relative P_WCC ≠ NP_WCC Separation,NP_WCC
reyesVsNPCurvatureBounded2025,P vs NP in Curvature-Bounded Wave Computation: A Model-Relative P_WCC ≠ NP_WCC Separation,Non-natural proofs
reyesVsNPCurvatureBounded2025,P vs NP in Curvature-Bounded Wave Computation: A Model-Relative P_WCC ≠ NP_WCC Separation,Non-relativizing arguments
reyesVsNPCurvatureBounded2025,P vs NP in Curvature-Bounded Wave Computation: A Model-Relative P_WCC ≠ NP_WCC Separation,P vs NP
reyesVsNPCurvatureBounded2025,P vs NP in Curvature-Bounded Wave Computation: A Model-Relative P_WCC ≠ NP_WCC Separation,P_WCC
reyesVsNPCurvatureBounded2025,P vs NP in Curvature-Bounded Wave Computation: A Model-Relative P_WCC ≠ NP_WCC Separation,Wave Computation
reyesVsNPCurvatureBounded2025,P vs NP in Curvature-Bounded Wave Computation: A Model-Relative P_WCC ≠ NP_WCC Separation,Wave Confinement Theory
reyesVsNPCurvatureBounded2025,P vs NP in Curvature-Bounded Wave Computation: A Model-Relative P_WCC ≠ NP_WCC Separation,Wave Curvature Computation
reyesPhaseFluxFieldPFF2025,"Phase-Flux Field (PFF): Axiomatic Substrate for Wave Confinement Theory Zero-Wave Invariance, Finite-k Lyapunov Band-Pass, Shell Quantization, and D4 to Continuum",Conservation Laws
reyesPhaseFluxFieldPFF2025,"Phase-Flux Field (PFF): Axiomatic Substrate for Wave Confinement Theory Zero-Wave Invariance, Finite-k Lyapunov Band-Pass, Shell Quantization, and D4 to Continuum",Continuum Limits
reyesPhaseFluxFieldPFF2025,"Phase-Flux Field (PFF): Axiomatic Substrate for Wave Confinement Theory Zero-Wave Invariance, Finite-k Lyapunov Band-Pass, Shell Quantization, and D4 to Continuum",D4 Discrete Model
reyesPhaseFluxFieldPFF2025,"Phase-Flux Field (PFF): Axiomatic Substrate for Wave Confinement Theory Zero-Wave Invariance, Finite-k Lyapunov Band-Pass, Shell Quantization, and D4 to Continuum",Finite-k Selection
reyesPhaseFluxFieldPFF2025,"Phase-Flux Field (PFF): Axiomatic Substrate for Wave Confinement Theory Zero-Wave Invariance, Finite-k Lyapunov Band-Pass, Shell Quantization, and D4 to Continuum",Lyapunov Band-Pass
reyesPhaseFluxFieldPFF2025,"Phase-Flux Field (PFF): Axiomatic Substrate for Wave Confinement Theory Zero-Wave Invariance, Finite-k Lyapunov Band-Pass, Shell Quantization, and D4 to Continuum",Nonlinear Dynamics
reyesPhaseFluxFieldPFF2025,"Phase-Flux Field (PFF): Axiomatic Substrate for Wave Confinement Theory Zero-Wave Invariance, Finite-k Lyapunov Band-Pass, Shell Quantization, and D4 to Continuum",Null Flow
reyesPhaseFluxFieldPFF2025,"Phase-Flux Field (PFF): Axiomatic Substrate for Wave Confinement Theory Zero-Wave Invariance, Finite-k Lyapunov Band-Pass, Shell Quantization, and D4 to Continuum",Pattern Formation
reyesPhaseFluxFieldPFF2025,"Phase-Flux Field (PFF): Axiomatic Substrate for Wave Confinement Theory Zero-Wave Invariance, Finite-k Lyapunov Band-Pass, Shell Quantization, and D4 to Continuum",Phase-Flux Field
reyesPhaseFluxFieldPFF2025,"Phase-Flux Field (PFF): Axiomatic Substrate for Wave Confinement Theory Zero-Wave Invariance, Finite-k Lyapunov Band-Pass, Shell Quantization, and D4 to Continuum",Shell Quantization
reyesPhaseFluxFieldPFF2025,"Phase-Flux Field (PFF): Axiomatic Substrate for Wave Confinement Theory Zero-Wave Invariance, Finite-k Lyapunov Band-Pass, Shell Quantization, and D4 to Continuum",Wave Confinement Theory
reyesResonanceConfinementArchitecturePhysically2025,Resonance-Confinement Architecture: A Physically Bounded Substrate for Safe Superintelligence,Coherence feedback
reyesResonanceConfinementArchitecturePhysically2025,Resonance-Confinement Architecture: A Physically Bounded Substrate for Safe Superintelligence,Curvature dynamics
reyesResonanceConfinementArchitecturePhysically2025,Resonance-Confinement Architecture: A Physically Bounded Substrate for Safe Superintelligence,Entropy regulation
reyesResonanceConfinementArchitecturePhysically2025,Resonance-Confinement Architecture: A Physically Bounded Substrate for Safe Superintelligence,Intelligent resonance
reyesResonanceConfinementArchitecturePhysically2025,Resonance-Confinement Architecture: A Physically Bounded Substrate for Safe Superintelligence,Non-Gradient AI
reyesResonanceConfinementArchitecturePhysically2025,Resonance-Confinement Architecture: A Physically Bounded Substrate for Safe Superintelligence,Resonance confinement
reyesResonanceConfinementArchitecturePhysically2025,Resonance-Confinement Architecture: A Physically Bounded Substrate for Safe Superintelligence,Resonance encoding
reyesResonanceConfinementArchitecturePhysically2025,Resonance-Confinement Architecture: A Physically Bounded Substrate for Safe Superintelligence,Survivability architecture
reyesResonanceConfinementArchitecturePhysically2025,Resonance-Confinement Architecture: A Physically Bounded Substrate for Safe Superintelligence,Symbolic AGI
reyesResonanceConfinementArchitecturePhysically2025,Resonance-Confinement Architecture: A Physically Bounded Substrate for Safe Superintelligence,Symbolic persistence
reyesSelfEmergentFourierCymatics2025,Self-Emergent Fourier Cymatics: Entropic Eigenmodes out of Chaos,Coherence Collapse
reyesSelfEmergentFourierCymatics2025,Self-Emergent Fourier Cymatics: Entropic Eigenmodes out of Chaos,Complex Ginzburg-Landau
reyesSelfEmergentFourierCymatics2025,Self-Emergent Fourier Cymatics: Entropic Eigenmodes out of Chaos,Curvature Feedback
reyesSelfEmergentFourierCymatics2025,Self-Emergent Fourier Cymatics: Entropic Eigenmodes out of Chaos,Emergent Order
reyesSelfEmergentFourierCymatics2025,Self-Emergent Fourier Cymatics: Entropic Eigenmodes out of Chaos,Entropic Eigenmodes
reyesSelfEmergentFourierCymatics2025,Self-Emergent Fourier Cymatics: Entropic Eigenmodes out of Chaos,Fourier Band Selection
reyesSelfEmergentFourierCymatics2025,Self-Emergent Fourier Cymatics: Entropic Eigenmodes out of Chaos,Ginzburg-Landau
reyesSelfEmergentFourierCymatics2025,Self-Emergent Fourier Cymatics: Entropic Eigenmodes out of Chaos,Lyapunov Descent
reyesSelfEmergentFourierCymatics2025,Self-Emergent Fourier Cymatics: Entropic Eigenmodes out of Chaos,Spectral Entropy
reyesSelfEmergentFourierCymatics2025,Self-Emergent Fourier Cymatics: Entropic Eigenmodes out of Chaos,Swift-Hohenberg
reyesSelfEmergentFourierCymatics2025,Self-Emergent Fourier Cymatics: Entropic Eigenmodes out of Chaos,Wave Confinement Theory
reyesHardUpperBound2025,Hard Upper Bound on Spatial Dimensionality in Wave Confinement Theory,Continuum PDE
reyesHardUpperBound2025,Hard Upper Bound on Spatial Dimensionality in Wave Confinement Theory,Curvature-Feedback Instability
reyesHardUpperBound2025,Hard Upper Bound on Spatial Dimensionality in Wave Confinement Theory,Extra Dimensions
reyesHardUpperBound2025,Hard Upper Bound on Spatial Dimensionality in Wave Confinement Theory,Gaussian field
reyesHardUpperBound2025,Hard Upper Bound on Spatial Dimensionality in Wave Confinement Theory,Laplacian Scaling
reyesHardUpperBound2025,Hard Upper Bound on Spatial Dimensionality in Wave Confinement Theory,Quantum Field Theory Constraints
reyesHardUpperBound2025,Hard Upper Bound on Spatial Dimensionality in Wave Confinement Theory,Spatial Dimension Bound
reyesJUNOEnergyResolution2025,JUNO Energy Resolution and Detectability of WCT Ghost-Mode Neutrinos,Curvature Locking
reyesJUNOEnergyResolution2025,JUNO Energy Resolution and Detectability of WCT Ghost-Mode Neutrinos,Detector Resolution
reyesJUNOEnergyResolution2025,JUNO Energy Resolution and Detectability of WCT Ghost-Mode Neutrinos,Energy Smearing
reyesJUNOEnergyResolution2025,JUNO Energy Resolution and Detectability of WCT Ghost-Mode Neutrinos,Ghost Harmonics
reyesJUNOEnergyResolution2025,JUNO Energy Resolution and Detectability of WCT Ghost-Mode Neutrinos,JUNO
reyesJUNOEnergyResolution2025,JUNO Energy Resolution and Detectability of WCT Ghost-Mode Neutrinos,Log-Energy Oscillations
reyesJUNOEnergyResolution2025,JUNO Energy Resolution and Detectability of WCT Ghost-Mode Neutrinos,Neutrinos
reyesJUNOEnergyResolution2025,JUNO Energy Resolution and Detectability of WCT Ghost-Mode Neutrinos,Spectral Modulation
reyesJUNOEnergyResolution2025,JUNO Energy Resolution and Detectability of WCT Ghost-Mode Neutrinos,Wave Confinement Theory
reyesJUNOEnergyResolution2025,JUNO Energy Resolution and Detectability of WCT Ghost-Mode Neutrinos,Δm² precision
reyesEmergenceEffectiveMass2025,Emergence of Effective Mass: Solenoidal Topology of Vibrational Energy,Curvature Feedback
reyesEmergenceEffectiveMass2025,Emergence of Effective Mass: Solenoidal Topology of Vibrational Energy,Emergent Mass
reyesEmergenceEffectiveMass2025,Emergence of Effective Mass: Solenoidal Topology of Vibrational Energy,Geometric Inertia
reyesEmergenceEffectiveMass2025,Emergence of Effective Mass: Solenoidal Topology of Vibrational Energy,Hopf Fibration
reyesEmergenceEffectiveMass2025,Emergence of Effective Mass: Solenoidal Topology of Vibrational Energy,Lyapunov Descent
reyesEmergenceEffectiveMass2025,Emergence of Effective Mass: Solenoidal Topology of Vibrational Energy,Nonlinear Dynamics
reyesEmergenceEffectiveMass2025,Emergence of Effective Mass: Solenoidal Topology of Vibrational Energy,Photon Confinement
reyesEmergenceEffectiveMass2025,Emergence of Effective Mass: Solenoidal Topology of Vibrational Energy,SU(2) Symmetry
reyesEmergenceEffectiveMass2025,Emergence of Effective Mass: Solenoidal Topology of Vibrational Energy,Solenoidal Topology
reyesEmergenceEffectiveMass2025,Emergence of Effective Mass: Solenoidal Topology of Vibrational Energy,Spinor Quantization
reyesEmergenceEffectiveMass2025,Emergence of Effective Mass: Solenoidal Topology of Vibrational Energy,Torsion
reyesEmergenceEffectiveMass2025,Emergence of Effective Mass: Solenoidal Topology of Vibrational Energy,Wave Confinement Theory
reyesLogSpectralStructureKoideLike2026,Log-Spectral Structure and Koide-Like Winding Geometry in Open-Data B⁰ → K*⁰ μ⁺μ⁻ Candidate Spectra,Active-domain winding
reyesLogSpectralStructureKoideLike2026,Log-Spectral Structure and Koide-Like Winding Geometry in Open-Data B⁰ → K*⁰ μ⁺μ⁻ Candidate Spectra,Bounded Poisson likelihood
reyesLogSpectralStructureKoideLike2026,Log-Spectral Structure and Koide-Like Winding Geometry in Open-Data B⁰ → K*⁰ μ⁺μ⁻ Candidate Spectra,B⁰ → K*⁰ μ⁺μ⁻
reyesLogSpectralStructureKoideLike2026,Log-Spectral Structure and Koide-Like Winding Geometry in Open-Data B⁰ → K*⁰ μ⁺μ⁻ Candidate Spectra,Candidate-spectrum geometry
reyesLogSpectralStructureKoideLike2026,Log-Spectral Structure and Koide-Like Winding Geometry in Open-Data B⁰ → K*⁰ μ⁺μ⁻ Candidate Spectra,Charmonium vetoes
reyesLogSpectralStructureKoideLike2026,Log-Spectral Structure and Koide-Like Winding Geometry in Open-Data B⁰ → K*⁰ μ⁺μ⁻ Candidate Spectra,Discrete scale structure
reyesLogSpectralStructureKoideLike2026,Log-Spectral Structure and Koide-Like Winding Geometry in Open-Data B⁰ → K*⁰ μ⁺μ⁻ Candidate Spectra,Flavor Physics
reyesLogSpectralStructureKoideLike2026,Log-Spectral Structure and Koide-Like Winding Geometry in Open-Data B⁰ → K*⁰ μ⁺μ⁻ Candidate Spectra,Inverse-Koide square-root dilation
reyesLogSpectralStructureKoideLike2026,Log-Spectral Structure and Koide-Like Winding Geometry in Open-Data B⁰ → K*⁰ μ⁺μ⁻ Candidate Spectra,KDE baseline
reyesLogSpectralStructureKoideLike2026,Log-Spectral Structure and Koide-Like Winding Geometry in Open-Data B⁰ → K*⁰ μ⁺μ⁻ Candidate Spectra,Koide Relation
reyesLogSpectralStructureKoideLike2026,Log-Spectral Structure and Koide-Like Winding Geometry in Open-Data B⁰ → K*⁰ μ⁺μ⁻ Candidate Spectra,Koide comb
reyesLogSpectralStructureKoideLike2026,Log-Spectral Structure and Koide-Like Winding Geometry in Open-Data B⁰ → K*⁰ μ⁺μ⁻ Candidate Spectra,LHCb
reyesLogSpectralStructureKoideLike2026,Log-Spectral Structure and Koide-Like Winding Geometry in Open-Data B⁰ → K*⁰ μ⁺μ⁻ Candidate Spectra,Log-Periodic Residuals
reyesLogSpectralStructureKoideLike2026,Log-Spectral Structure and Koide-Like Winding Geometry in Open-Data B⁰ → K*⁰ μ⁺μ⁻ Candidate Spectra,Open data
reyesLogSpectralStructureKoideLike2026,Log-Spectral Structure and Koide-Like Winding Geometry in Open-Data B⁰ → K*⁰ μ⁺μ⁻ Candidate Spectra,P′₅ Anomaly
reyesLogSpectralStructureKoideLike2026,Log-Spectral Structure and Koide-Like Winding Geometry in Open-Data B⁰ → K*⁰ μ⁺μ⁻ Candidate Spectra,Rare B decays
reyesLogSpectralStructureKoideLike2026,Log-Spectral Structure and Koide-Like Winding Geometry in Open-Data B⁰ → K*⁰ μ⁺μ⁻ Candidate Spectra,Scale dilation
reyesLogSpectralStructureKoideLike2026,Log-Spectral Structure and Koide-Like Winding Geometry in Open-Data B⁰ → K*⁰ μ⁺μ⁻ Candidate Spectra,Sideband analysis
reyesLogSpectralStructureKoideLike2026,Log-Spectral Structure and Koide-Like Winding Geometry in Open-Data B⁰ → K*⁰ μ⁺μ⁻ Candidate Spectra,Spectral residuals
reyesLogSpectralStructureKoideLike2026,Log-Spectral Structure and Koide-Like Winding Geometry in Open-Data B⁰ → K*⁰ μ⁺μ⁻ Candidate Spectra,Wave Confinement Theory
reyesLogSpectralStructureKoideLike2026,Log-Spectral Structure and Koide-Like Winding Geometry in Open-Data B⁰ → K*⁰ μ⁺μ⁻ Candidate Spectra,Wilson Coefficient C₉
reyesLogSpectralStructureKoideLike2026,Log-Spectral Structure and Koide-Like Winding Geometry in Open-Data B⁰ → K*⁰ μ⁺μ⁻ Candidate Spectra,q² Spectrum
reyesWaveConfinementTheory2025,Wave Confinement Theory Predicts the Koide Mass Relation: A Curvature–Harmonic Origin of Fermion Mass Triplets,Curvature Harmonics
reyesWaveConfinementTheory2025,Wave Confinement Theory Predicts the Koide Mass Relation: A Curvature–Harmonic Origin of Fermion Mass Triplets,Curvature Saturation
reyesWaveConfinementTheory2025,Wave Confinement Theory Predicts the Koide Mass Relation: A Curvature–Harmonic Origin of Fermion Mass Triplets,Curvature-Koide Invariant
reyesWaveConfinementTheory2025,Wave Confinement Theory Predicts the Koide Mass Relation: A Curvature–Harmonic Origin of Fermion Mass Triplets,Curvature-locked solitons
reyesWaveConfinementTheory2025,Wave Confinement Theory Predicts the Koide Mass Relation: A Curvature–Harmonic Origin of Fermion Mass Triplets,Dimensional Stability
reyesWaveConfinementTheory2025,Wave Confinement Theory Predicts the Koide Mass Relation: A Curvature–Harmonic Origin of Fermion Mass Triplets,Effective spin
reyesWaveConfinementTheory2025,Wave Confinement Theory Predicts the Koide Mass Relation: A Curvature–Harmonic Origin of Fermion Mass Triplets,Eigenmode Spectrum
reyesWaveConfinementTheory2025,Wave Confinement Theory Predicts the Koide Mass Relation: A Curvature–Harmonic Origin of Fermion Mass Triplets,Fermion Triplets
reyesWaveConfinementTheory2025,Wave Confinement Theory Predicts the Koide Mass Relation: A Curvature–Harmonic Origin of Fermion Mass Triplets,Geometric Mass Ratios
reyesWaveConfinementTheory2025,Wave Confinement Theory Predicts the Koide Mass Relation: A Curvature–Harmonic Origin of Fermion Mass Triplets,Geometric Unification
reyesWaveConfinementTheory2025,Wave Confinement Theory Predicts the Koide Mass Relation: A Curvature–Harmonic Origin of Fermion Mass Triplets,Koide Relation
reyesWaveConfinementTheory2025,Wave Confinement Theory Predicts the Koide Mass Relation: A Curvature–Harmonic Origin of Fermion Mass Triplets,Mass-Phase Geometry
reyesWaveConfinementTheory2025,Wave Confinement Theory Predicts the Koide Mass Relation: A Curvature–Harmonic Origin of Fermion Mass Triplets,Nonlinear Wave Confinement
reyesWaveConfinementTheory2025,Wave Confinement Theory Predicts the Koide Mass Relation: A Curvature–Harmonic Origin of Fermion Mass Triplets,Poloidal Curvature
reyesWaveConfinementTheory2025,Wave Confinement Theory Predicts the Koide Mass Relation: A Curvature–Harmonic Origin of Fermion Mass Triplets,Spin-Curvature Partition
reyesWaveConfinementTheory2025,Wave Confinement Theory Predicts the Koide Mass Relation: A Curvature–Harmonic Origin of Fermion Mass Triplets,Theta Operator
reyesWaveConfinementTheory2025,Wave Confinement Theory Predicts the Koide Mass Relation: A Curvature–Harmonic Origin of Fermion Mass Triplets,Toroidal Eigenmodes
reyesWaveConfinementTheory2025,Wave Confinement Theory Predicts the Koide Mass Relation: A Curvature–Harmonic Origin of Fermion Mass Triplets,Torsion Budget
reyesWaveConfinementTheory2025,Wave Confinement Theory Predicts the Koide Mass Relation: A Curvature–Harmonic Origin of Fermion Mass Triplets,Wave Confinement Theory
reyesWaveConfinementTheory2025,Wave Confinement Theory Predicts the Koide Mass Relation: A Curvature–Harmonic Origin of Fermion Mass Triplets,Θ-operator
reyesLogarithmicCurvatureFlow2026,"Logarithmic Curvature Flow, Filament Localization, and the Geometric Origin of the Lepton Mass Spectrum",Cole-Hopf Transform
reyesLogarithmicCurvatureFlow2026,"Logarithmic Curvature Flow, Filament Localization, and the Geometric Origin of the Lepton Mass Spectrum",Curvature Flow
reyesLogarithmicCurvatureFlow2026,"Logarithmic Curvature Flow, Filament Localization, and the Geometric Origin of the Lepton Mass Spectrum",Curvature Invariants
reyesLogarithmicCurvatureFlow2026,"Logarithmic Curvature Flow, Filament Localization, and the Geometric Origin of the Lepton Mass Spectrum",Filament Localization
reyesLogarithmicCurvatureFlow2026,"Logarithmic Curvature Flow, Filament Localization, and the Geometric Origin of the Lepton Mass Spectrum",Geometric Mass Models
reyesLogarithmicCurvatureFlow2026,"Logarithmic Curvature Flow, Filament Localization, and the Geometric Origin of the Lepton Mass Spectrum",KPZ Equation
reyesLogarithmicCurvatureFlow2026,"Logarithmic Curvature Flow, Filament Localization, and the Geometric Origin of the Lepton Mass Spectrum",Koide Relation
reyesLogarithmicCurvatureFlow2026,"Logarithmic Curvature Flow, Filament Localization, and the Geometric Origin of the Lepton Mass Spectrum",Lepton Mass Spectrum
reyesLogarithmicCurvatureFlow2026,"Logarithmic Curvature Flow, Filament Localization, and the Geometric Origin of the Lepton Mass Spectrum",Logarithmic Curvature Operator
reyesLogarithmicCurvatureFlow2026,"Logarithmic Curvature Flow, Filament Localization, and the Geometric Origin of the Lepton Mass Spectrum",Nonlinear Wavefields
reyesLogarithmicCurvatureFlow2026,"Logarithmic Curvature Flow, Filament Localization, and the Geometric Origin of the Lepton Mass Spectrum",Topological Confinement
reyesLogarithmicCurvatureFlow2026,"Logarithmic Curvature Flow, Filament Localization, and the Geometric Origin of the Lepton Mass Spectrum",Toroidal Eigenmodes
reyesLogarithmicCurvatureFlow2026,"Logarithmic Curvature Flow, Filament Localization, and the Geometric Origin of the Lepton Mass Spectrum",Wave Confinement Theory
reyesWaveLockCurvatureLockedOneWay2025,WaveLock: A Curvature-Locked One-Way Function Based on Nonlinear PDE Evolution,Curvature Invariants
reyesWaveLockCurvatureLockedOneWay2025,WaveLock: A Curvature-Locked One-Way Function Based on Nonlinear PDE Evolution,Curvature-based cryptography
reyesWaveLockCurvatureLockedOneWay2025,WaveLock: A Curvature-Locked One-Way Function Based on Nonlinear PDE Evolution,Deterministic dynamics
reyesWaveLockCurvatureLockedOneWay2025,WaveLock: A Curvature-Locked One-Way Function Based on Nonlinear PDE Evolution,Entropy regularization
reyesWaveLockCurvatureLockedOneWay2025,WaveLock: A Curvature-Locked One-Way Function Based on Nonlinear PDE Evolution,Geometric hashing
reyesWaveLockCurvatureLockedOneWay2025,WaveLock: A Curvature-Locked One-Way Function Based on Nonlinear PDE Evolution,Nonlinear PDE evolution
reyesWaveLockCurvatureLockedOneWay2025,WaveLock: A Curvature-Locked One-Way Function Based on Nonlinear PDE Evolution,One-Way Functions
reyesWaveLockCurvatureLockedOneWay2025,WaveLock: A Curvature-Locked One-Way Function Based on Nonlinear PDE Evolution,Post-Quantum Cryptography
reyesWaveLockCurvatureLockedOneWay2025,WaveLock: A Curvature-Locked One-Way Function Based on Nonlinear PDE Evolution,Wave Confinement Theory
reyesWaveLockCurvatureLockedOneWay2025,WaveLock: A Curvature-Locked One-Way Function Based on Nonlinear PDE Evolution,WaveLock
reyesWaveLockCurvatureLockedOneWay2025,WaveLock: A Curvature-Locked One-Way Function Based on Nonlinear PDE Evolution,Wavefield commitment schemes
reyesClassicalVsNP2025,The Classical P vs NP Problem is Mathematically and Physically Ill-Posed,3-SAT
reyesClassicalVsNP2025,The Classical P vs NP Problem is Mathematically and Physically Ill-Posed,AGI Safety
reyesClassicalVsNP2025,The Classical P vs NP Problem is Mathematically and Physically Ill-Posed,Computational Complexity
reyesClassicalVsNP2025,The Classical P vs NP Problem is Mathematically and Physically Ill-Posed,Curvature Capacity
reyesClassicalVsNP2025,The Classical P vs NP Problem is Mathematically and Physically Ill-Posed,Curvature complexity
reyesClassicalVsNP2025,The Classical P vs NP Problem is Mathematically and Physically Ill-Posed,Curvature-Bounded Computation
reyesClassicalVsNP2025,The Classical P vs NP Problem is Mathematically and Physically Ill-Posed,Distinguishability Curvature
reyesClassicalVsNP2025,The Classical P vs NP Problem is Mathematically and Physically Ill-Posed,Distinguishability cost
reyesClassicalVsNP2025,The Classical P vs NP Problem is Mathematically and Physically Ill-Posed,Finite precision
reyesClassicalVsNP2025,The Classical P vs NP Problem is Mathematically and Physically Ill-Posed,Finite-bandwidth computation
reyesClassicalVsNP2025,The Classical P vs NP Problem is Mathematically and Physically Ill-Posed,Geometric memory
reyesClassicalVsNP2025,The Classical P vs NP Problem is Mathematically and Physically Ill-Posed,Locked expander
reyesClassicalVsNP2025,The Classical P vs NP Problem is Mathematically and Physically Ill-Posed,NP_WCC
reyesClassicalVsNP2025,The Classical P vs NP Problem is Mathematically and Physically Ill-Posed,Nonlinear computation
reyesClassicalVsNP2025,The Classical P vs NP Problem is Mathematically and Physically Ill-Posed,P vs NP
reyesClassicalVsNP2025,The Classical P vs NP Problem is Mathematically and Physically Ill-Posed,P_WCC
reyesClassicalVsNP2025,The Classical P vs NP Problem is Mathematically and Physically Ill-Posed,Physical Computation
reyesClassicalVsNP2025,The Classical P vs NP Problem is Mathematically and Physically Ill-Posed,Physical P≠NP
reyesClassicalVsNP2025,The Classical P vs NP Problem is Mathematically and Physically Ill-Posed,SAT
reyesClassicalVsNP2025,The Classical P vs NP Problem is Mathematically and Physically Ill-Posed,Symbolic physics
reyesClassicalVsNP2025,The Classical P vs NP Problem is Mathematically and Physically Ill-Posed,Turing Machines
reyesClassicalVsNP2025,The Classical P vs NP Problem is Mathematically and Physically Ill-Posed,Turing Simulation
reyesClassicalVsNP2025,The Classical P vs NP Problem is Mathematically and Physically Ill-Posed,Wave Computation
reyesClassicalVsNP2025,The Classical P vs NP Problem is Mathematically and Physically Ill-Posed,Wave Confinement Theory
reyesClassicalVsNP2025,The Classical P vs NP Problem is Mathematically and Physically Ill-Posed,Wave Curvature Computation
reyesClassicalVsNP2025,The Classical P vs NP Problem is Mathematically and Physically Ill-Posed,Wave-Encoded Information
reyesDiscreteWaveConstrainedComputation2025,Discrete Wave-Constrained Computation and Classical Complexity: Turing Equivalence for 𝐏 and 𝐍𝐏,AGI Safety
reyesDiscreteWaveConstrainedComputation2025,Discrete Wave-Constrained Computation and Classical Complexity: Turing Equivalence for 𝐏 and 𝐍𝐏,Cellular Automata
reyesDiscreteWaveConstrainedComputation2025,Discrete Wave-Constrained Computation and Classical Complexity: Turing Equivalence for 𝐏 and 𝐍𝐏,Computational Complexity
reyesDiscreteWaveConstrainedComputation2025,Discrete Wave-Constrained Computation and Classical Complexity: Turing Equivalence for 𝐏 and 𝐍𝐏,Curvature-Bounded Computation
reyesDiscreteWaveConstrainedComputation2025,Discrete Wave-Constrained Computation and Classical Complexity: Turing Equivalence for 𝐏 and 𝐍𝐏,Local-Update Machines
reyesDiscreteWaveConstrainedComputation2025,Discrete Wave-Constrained Computation and Classical Complexity: Turing Equivalence for 𝐏 and 𝐍𝐏,NP_WCC
reyesDiscreteWaveConstrainedComputation2025,Discrete Wave-Constrained Computation and Classical Complexity: Turing Equivalence for 𝐏 and 𝐍𝐏,P vs NP
reyesDiscreteWaveConstrainedComputation2025,Discrete Wave-Constrained Computation and Classical Complexity: Turing Equivalence for 𝐏 and 𝐍𝐏,P_WCC
reyesDiscreteWaveConstrainedComputation2025,Discrete Wave-Constrained Computation and Classical Complexity: Turing Equivalence for 𝐏 and 𝐍𝐏,Turing Equivalence
reyesDiscreteWaveConstrainedComputation2025,Discrete Wave-Constrained Computation and Classical Complexity: Turing Equivalence for 𝐏 and 𝐍𝐏,Turing Machines
reyesDiscreteWaveConstrainedComputation2025,Discrete Wave-Constrained Computation and Classical Complexity: Turing Equivalence for 𝐏 and 𝐍𝐏,Verifier Bijection
reyesDiscreteWaveConstrainedComputation2025,Discrete Wave-Constrained Computation and Classical Complexity: Turing Equivalence for 𝐏 and 𝐍𝐏,Wave Confinement Theory
reyesDiscreteWaveConstrainedComputation2025,Discrete Wave-Constrained Computation and Classical Complexity: Turing Equivalence for 𝐏 and 𝐍𝐏,Wave-Constrained Computation
reyesCurvatureInducedLogPeriodicDeformation2026,A Curvature-Induced Log-Periodic Deformation of C9(q 2): Wave Confinement Theory and the LHCb B 0 → K ∗0µ+µ− Anomaly,Angular anomaly
reyesCurvatureInducedLogPeriodicDeformation2026,A Curvature-Induced Log-Periodic Deformation of C9(q 2): Wave Confinement Theory and the LHCb B 0 → K ∗0µ+µ− Anomaly,B⁰ → K*⁰ μ⁺μ⁻
reyesCurvatureInducedLogPeriodicDeformation2026,A Curvature-Induced Log-Periodic Deformation of C9(q 2): Wave Confinement Theory and the LHCb B 0 → K ∗0µ+µ− Anomaly,C₉(q²)
reyesCurvatureInducedLogPeriodicDeformation2026,A Curvature-Induced Log-Periodic Deformation of C9(q 2): Wave Confinement Theory and the LHCb B 0 → K ∗0µ+µ− Anomaly,Discrete Scale Invariance
reyesCurvatureInducedLogPeriodicDeformation2026,A Curvature-Induced Log-Periodic Deformation of C9(q 2): Wave Confinement Theory and the LHCb B 0 → K ∗0µ+µ− Anomaly,Flavor Physics
reyesCurvatureInducedLogPeriodicDeformation2026,A Curvature-Induced Log-Periodic Deformation of C9(q 2): Wave Confinement Theory and the LHCb B 0 → K ∗0µ+µ− Anomaly,LHCb
reyesCurvatureInducedLogPeriodicDeformation2026,A Curvature-Induced Log-Periodic Deformation of C9(q 2): Wave Confinement Theory and the LHCb B 0 → K ∗0µ+µ− Anomaly,Log-periodic modulation
reyesCurvatureInducedLogPeriodicDeformation2026,A Curvature-Induced Log-Periodic Deformation of C9(q 2): Wave Confinement Theory and the LHCb B 0 → K ∗0µ+µ− Anomaly,Spectral structure
reyesCurvatureInducedLogPeriodicDeformation2026,A Curvature-Induced Log-Periodic Deformation of C9(q 2): Wave Confinement Theory and the LHCb B 0 → K ∗0µ+µ− Anomaly,Wave Confinement Theory
reyesCurvatureInducedLogPeriodicDeformation2026,A Curvature-Induced Log-Periodic Deformation of C9(q 2): Wave Confinement Theory and the LHCb B 0 → K ∗0µ+µ− Anomaly,Wilson Coefficient
reyesRecursiveAIDrift2026,Recursive AI Drift: A 2025 Prediction Timeline External Validation Audit and Technical Note,AI Safety
reyesRecursiveAIDrift2026,Recursive AI Drift: A 2025 Prediction Timeline External Validation Audit and Technical Note,AI alignment
reyesRecursiveAIDrift2026,Recursive AI Drift: A 2025 Prediction Timeline External Validation Audit and Technical Note,Agent drift
reyesRecursiveAIDrift2026,Recursive AI Drift: A 2025 Prediction Timeline External Validation Audit and Technical Note,Autonomous agents
reyesRecursiveAIDrift2026,Recursive AI Drift: A 2025 Prediction Timeline External Validation Audit and Technical Note,Coherence mirage
reyesRecursiveAIDrift2026,Recursive AI Drift: A 2025 Prediction Timeline External Validation Audit and Technical Note,Collapse score
reyesRecursiveAIDrift2026,Recursive AI Drift: A 2025 Prediction Timeline External Validation Audit and Technical Note,Constraint drift
reyesRecursiveAIDrift2026,Recursive AI Drift: A 2025 Prediction Timeline External Validation Audit and Technical Note,Curriculum drift
reyesRecursiveAIDrift2026,Recursive AI Drift: A 2025 Prediction Timeline External Validation Audit and Technical Note,Emergent misalignment
reyesRecursiveAIDrift2026,Recursive AI Drift: A 2025 Prediction Timeline External Validation Audit and Technical Note,Evolving memory
reyesRecursiveAIDrift2026,Recursive AI Drift: A 2025 Prediction Timeline External Validation Audit and Technical Note,External validation
reyesRecursiveAIDrift2026,Recursive AI Drift: A 2025 Prediction Timeline External Validation Audit and Technical Note,GPT-4
reyesRecursiveAIDrift2026,Recursive AI Drift: A 2025 Prediction Timeline External Validation Audit and Technical Note,Generative-models
reyesRecursiveAIDrift2026,Recursive AI Drift: A 2025 Prediction Timeline External Validation Audit and Technical Note,Model collapse
reyesRecursiveAIDrift2026,Recursive AI Drift: A 2025 Prediction Timeline External Validation Audit and Technical Note,Multi-agent systems
reyesRecursiveAIDrift2026,Recursive AI Drift: A 2025 Prediction Timeline External Validation Audit and Technical Note,Prediction audit
reyesRecursiveAIDrift2026,Recursive AI Drift: A 2025 Prediction Timeline External Validation Audit and Technical Note,Problem drift
reyesRecursiveAIDrift2026,Recursive AI Drift: A 2025 Prediction Timeline External Validation Audit and Technical Note,Propagation-correction criticality
reyesRecursiveAIDrift2026,Recursive AI Drift: A 2025 Prediction Timeline External Validation Audit and Technical Note,RCA
reyesRecursiveAIDrift2026,Recursive AI Drift: A 2025 Prediction Timeline External Validation Audit and Technical Note,RLVR
reyesRecursiveAIDrift2026,Recursive AI Drift: A 2025 Prediction Timeline External Validation Audit and Technical Note,Recursive AI Drift
reyesRecursiveAIDrift2026,Recursive AI Drift: A 2025 Prediction Timeline External Validation Audit and Technical Note,Recursive degradation
reyesRecursiveAIDrift2026,Recursive AI Drift: A 2025 Prediction Timeline External Validation Audit and Technical Note,Recursive self-processing
reyesRecursiveAIDrift2026,Recursive AI Drift: A 2025 Prediction Timeline External Validation Audit and Technical Note,Resonance-Confinement Architecture
reyesRecursiveAIDrift2026,Recursive AI Drift: A 2025 Prediction Timeline External Validation Audit and Technical Note,Reward hacking
reyesRecursiveAIDrift2026,Recursive AI Drift: A 2025 Prediction Timeline External Validation Audit and Technical Note,Self-consuming
reyesRecursiveAIDrift2026,Recursive AI Drift: A 2025 Prediction Timeline External Validation Audit and Technical Note,Self-consuming generative models
reyesRecursiveAIDrift2026,Recursive AI Drift: A 2025 Prediction Timeline External Validation Audit and Technical Note,Semantic anchor decay
reyesRecursiveAIDrift2026,Recursive AI Drift: A 2025 Prediction Timeline External Validation Audit and Technical Note,Semantic drift
reyesRecursiveAIDrift2026,Recursive AI Drift: A 2025 Prediction Timeline External Validation Audit and Technical Note,Symbolic drift
reyesRecursiveAIDrift2026,Recursive AI Drift: A 2025 Prediction Timeline External Validation Audit and Technical Note,Synthetic data collapse
reyesRecursiveAIDrift2026,Recursive AI Drift: A 2025 Prediction Timeline External Validation Audit and Technical Note,Technical note
reyesRecursiveAIDrift2026,Recursive AI Drift: A 2025 Prediction Timeline External Validation Audit and Technical Note,Verifier gaming
reyesPredictionProtocolLedger2025,Prediction & Protocol Ledger: Long-Lived Harmonic State Induction in Photodiodes,Angular modulation
reyesPredictionProtocolLedger2025,Prediction & Protocol Ledger: Long-Lived Harmonic State Induction in Photodiodes,Experimental ledger
reyesPredictionProtocolLedger2025,Prediction & Protocol Ledger: Long-Lived Harmonic State Induction in Photodiodes,Falsifiable Predictions
reyesPredictionProtocolLedger2025,Prediction & Protocol Ledger: Long-Lived Harmonic State Induction in Photodiodes,Harmonic spectrum
reyesPredictionProtocolLedger2025,Prediction & Protocol Ledger: Long-Lived Harmonic State Induction in Photodiodes,Long-Lived Resonance
reyesPredictionProtocolLedger2025,Prediction & Protocol Ledger: Long-Lived Harmonic State Induction in Photodiodes,Non-volatile states
reyesPredictionProtocolLedger2025,Prediction & Protocol Ledger: Long-Lived Harmonic State Induction in Photodiodes,Optical excitation
reyesPredictionProtocolLedger2025,Prediction & Protocol Ledger: Long-Lived Harmonic State Induction in Photodiodes,Persistent electrical states
reyesPredictionProtocolLedger2025,Prediction & Protocol Ledger: Long-Lived Harmonic State Induction in Photodiodes,Photodiode
reyesPredictionProtocolLedger2025,Prediction & Protocol Ledger: Long-Lived Harmonic State Induction in Photodiodes,Protocol registration
reyesPredictionProtocolLedger2025,Prediction & Protocol Ledger: Long-Lived Harmonic State Induction in Photodiodes,State induction
reyesPredictionProtocolLedger2025,Prediction & Protocol Ledger: Long-Lived Harmonic State Induction in Photodiodes,Threshold dynamics
reyesPredictionProtocolLedger2025,Prediction & Protocol Ledger: Long-Lived Harmonic State Induction in Photodiodes,Ultraviolet illumination
reyesNuclearFusionTokamak2026,Nuclear Fusion Tokamak with Self Sustaining Resonance,Coherence
reyesNuclearFusionTokamak2026,Nuclear Fusion Tokamak with Self Sustaining Resonance,Coherence proxy
reyesNuclearFusionTokamak2026,Nuclear Fusion Tokamak with Self Sustaining Resonance,Control
reyesNuclearFusionTokamak2026,Nuclear Fusion Tokamak with Self Sustaining Resonance,Control barrier
reyesNuclearFusionTokamak2026,Nuclear Fusion Tokamak with Self Sustaining Resonance,Control barrier functions
reyesNuclearFusionTokamak2026,Nuclear Fusion Tokamak with Self Sustaining Resonance,Energy balance
reyesNuclearFusionTokamak2026,Nuclear Fusion Tokamak with Self Sustaining Resonance,Fusion Energy
reyesNuclearFusionTokamak2026,Nuclear Fusion Tokamak with Self Sustaining Resonance,Lyapunov Stability
reyesNuclearFusionTokamak2026,Nuclear Fusion Tokamak with Self Sustaining Resonance,MHD Stabilization
reyesNuclearFusionTokamak2026,Nuclear Fusion Tokamak with Self Sustaining Resonance,Modeling
reyesNuclearFusionTokamak2026,Nuclear Fusion Tokamak with Self Sustaining Resonance,Plasma confinement
reyesNuclearFusionTokamak2026,Nuclear Fusion Tokamak with Self Sustaining Resonance,Real-time plasma control
reyesNuclearFusionTokamak2026,Nuclear Fusion Tokamak with Self Sustaining Resonance,SPARC
reyesNuclearFusionTokamak2026,Nuclear Fusion Tokamak with Self Sustaining Resonance,Tokamak
reyesNuclearFusionTokamak2026,Nuclear Fusion Tokamak with Self Sustaining Resonance,Tokamak Control
reyesNuclearFusionTokamak2026,Nuclear Fusion Tokamak with Self Sustaining Resonance,Transport modeling
reyesNuclearFusionTokamak2026,Nuclear Fusion Tokamak with Self Sustaining Resonance,Wave Confinement Theory
reyesBinStableLogPeriodicStructure2026,Bin-Stable Log-Periodic Structure in Public NIST Atomic Line List,Active-domain winding
reyesBinStableLogPeriodicStructure2026,Bin-Stable Log-Periodic Structure in Public NIST Atomic Line List,Atomic line lists
reyesBinStableLogPeriodicStructure2026,Bin-Stable Log-Periodic Structure in Public NIST Atomic Line List,Atomic spectra
reyesBinStableLogPeriodicStructure2026,Bin-Stable Log-Periodic Structure in Public NIST Atomic Line List,Bin stability
reyesBinStableLogPeriodicStructure2026,Bin-Stable Log-Periodic Structure in Public NIST Atomic Line List,Co II
reyesBinStableLogPeriodicStructure2026,Bin-Stable Log-Periodic Structure in Public NIST Atomic Line List,Discrete Scale Invariance
reyesBinStableLogPeriodicStructure2026,Bin-Stable Log-Periodic Structure in Public NIST Atomic Line List,Fe II
reyesBinStableLogPeriodicStructure2026,Bin-Stable Log-Periodic Structure in Public NIST Atomic Line List,Gaussian-smoothed baseline
reyesBinStableLogPeriodicStructure2026,Bin-Stable Log-Periodic Structure in Public NIST Atomic Line List,Line-density analysis
reyesBinStableLogPeriodicStructure2026,Bin-Stable Log-Periodic Structure in Public NIST Atomic Line List,Log-Periodic Residuals
reyesBinStableLogPeriodicStructure2026,Bin-Stable Log-Periodic Structure in Public NIST Atomic Line List,Log-periodicity
reyesBinStableLogPeriodicStructure2026,Bin-Stable Log-Periodic Structure in Public NIST Atomic Line List,Logarithmic wavenumber
reyesBinStableLogPeriodicStructure2026,Bin-Stable Log-Periodic Structure in Public NIST Atomic Line List,NIST Atomic Spectra Database
reyesBinStableLogPeriodicStructure2026,Bin-Stable Log-Periodic Structure in Public NIST Atomic Line List,Parametric bootstrap
reyesBinStableLogPeriodicStructure2026,Bin-Stable Log-Periodic Structure in Public NIST Atomic Line List,Poisson likelihood
reyesBinStableLogPeriodicStructure2026,Bin-Stable Log-Periodic Structure in Public NIST Atomic Line List,Poisson log-linear model
reyesBinStableLogPeriodicStructure2026,Bin-Stable Log-Periodic Structure in Public NIST Atomic Line List,Public scientific data
reyesBinStableLogPeriodicStructure2026,Bin-Stable Log-Periodic Structure in Public NIST Atomic Line List,Reproducible data analysis
reyesBinStableLogPeriodicStructure2026,Bin-Stable Log-Periodic Structure in Public NIST Atomic Line List,Spectral residuals
reyesBinStableLogPeriodicStructure2026,Bin-Stable Log-Periodic Structure in Public NIST Atomic Line List,Transition metals
reyesBinStableLogPeriodicStructure2026,Bin-Stable Log-Periodic Structure in Public NIST Atomic Line List,Wave Confinement Theory
reyesBinStableLogPeriodicStructure2026,Bin-Stable Log-Periodic Structure in Public NIST Atomic Line List,Wavenumber
reyesRestEnergyDensityWeighted2025,Rest Energy from Density-Weighted Loop Curvature: A Covariant Locking Principle,Covariant Invariant
reyesRestEnergyDensityWeighted2025,Rest Energy from Density-Weighted Loop Curvature: A Covariant Locking Principle,Curvature Locking
reyesRestEnergyDensityWeighted2025,Rest Energy from Density-Weighted Loop Curvature: A Covariant Locking Principle,Density-Weighted Curvature
reyesRestEnergyDensityWeighted2025,Rest Energy from Density-Weighted Loop Curvature: A Covariant Locking Principle,Geometric Origin of Energy
reyesRestEnergyDensityWeighted2025,Rest Energy from Density-Weighted Loop Curvature: A Covariant Locking Principle,Holonomy
reyesRestEnergyDensityWeighted2025,Rest Energy from Density-Weighted Loop Curvature: A Covariant Locking Principle,Inertial Mass
reyesRestEnergyDensityWeighted2025,Rest Energy from Density-Weighted Loop Curvature: A Covariant Locking Principle,Rest Energy
reyesRestEnergyDensityWeighted2025,Rest Energy from Density-Weighted Loop Curvature: A Covariant Locking Principle,Variational Stability
reyesRestEnergyDensityWeighted2025,Rest Energy from Density-Weighted Loop Curvature: A Covariant Locking Principle,Wave Confinement Theory
